{"cameraMode":{"drawMode":0,"name":"Shaded","section":"Shading Mode"},"sceneLighting":true,"audioPlay":false,"sceneViewState":{"showFog":true,"showMaterialUpdate":false,"showSkybox":true,"showFlares":true,"showImageEffects":true,"showParticleSystems":true,"showVisualEffectGraphs":true,"m_FxEnabled":true},"in2DMode":false,"pivot":{"x":-25.355880737304689,"y":17.088096618652345,"z":-28.838340759277345},"rotation":{"x":0.2991984486579895,"y":0.09633112698793411,"z":-0.032056987285614017,"w":0.9496040940284729},"size":73.94526672363281,"orthographic":false}