{"cameraMode":{"drawMode":0,"name":"Shaded","section":"Shading Mode"},"sceneLighting":true,"audioPlay":false,"sceneViewState":{"showFog":true,"showMaterialUpdate":false,"showSkybox":true,"showFlares":true,"showImageEffects":true,"showParticleSystems":true,"showVisualEffectGraphs":true,"m_FxEnabled":true},"in2DMode":false,"pivot":{"x":-18.459440231323243,"y":15.713788986206055,"z":-38.328392028808597},"rotation":{"x":-0.3265226185321808,"y":-0.011949212290346623,"z":0.005447616800665855,"w":-0.9459348917007446},"size":50.69956588745117,"orthographic":false}