{"cameraMode":{"drawMode":0,"name":"Shaded","section":"Shading Mode"},"sceneLighting":true,"audioPlay":false,"sceneViewState":{"showFog":true,"showMaterialUpdate":false,"showSkybox":true,"showFlares":true,"showImageEffects":true,"showParticleSystems":true,"showVisualEffectGraphs":true,"m_FxEnabled":true},"in2DMode":false,"pivot":{"x":-17.418643951416017,"y":-0.44349145889282229,"z":-41.29133987426758},"rotation":{"x":0.4616340100765228,"y":-0.08755940943956375,"z":0.04585163667798042,"w":0.8815473914146423},"size":37.954185485839847,"orthographic":false}