{"cameraMode":{"drawMode":0,"name":"Shaded","section":"Shading Mode"},"sceneLighting":true,"audioPlay":false,"sceneViewState":{"showFog":true,"showMaterialUpdate":false,"showSkybox":true,"showFlares":true,"showImageEffects":true,"showParticleSystems":true,"showVisualEffectGraphs":true,"m_FxEnabled":true},"in2DMode":false,"pivot":{"x":-33.53838348388672,"y":0.24000000953674317,"z":-56.040000915527347},"rotation":{"x":-0.2516077756881714,"y":-0.21920664608478547,"z":0.05862128734588623,"w":-0.9408566951751709},"size":409.44549560546877,"orthographic":false}