{"cameraMode":{"drawMode":0,"name":"Shaded","section":"Shading Mode"},"sceneLighting":false,"audioPlay":false,"sceneViewState":{"showFog":true,"showMaterialUpdate":false,"showSkybox":false,"showFlares":true,"showImageEffects":true,"showParticleSystems":true,"showVisualEffectGraphs":true,"m_FxEnabled":true},"in2DMode":false,"pivot":{"x":14.194313049316407,"y":5.030807018280029,"z":548.658447265625},"rotation":{"x":0.0009581410558894277,"y":0.9460379481315613,"z":-0.0069699534215033058,"w":0.3263918161392212},"size":2.7145497798919679,"orthographic":false}